2;x;y;z;time
440;-0.061327815;0.016450882;0.016450882;1420462582198
441;-0.07685959;0.0017929077;0.0017929077;1420462582218
442;-0.04672122;0.017457962;0.017457962;1420462582240
443;-0.061906338;-0.031895638;-0.031895638;1420462582263
444;-0.018462539;-0.008220673;-0.008220673;1420462582281
445;-0.08652234;-0.005999565;-0.005999565;1420462582303
446;-0.049096942;-0.008489609;-0.008489609;1420462582327
447;-0.0490489;0.005039215;0.005039215;1420462582346
448;-0.05430591;-0.011898041;-0.011898041;1420462582363
449;-0.088264346;0.0405941;0.0405941;1420462582380
450;-0.070776224;0.040410995;0.040410995;1420462582398
451;-0.06505942;0.0054836273;0.0054836273;1420462582415
452;-0.053131223;-0.07922077;-0.07922077;1420462582437
453;-0.07575297;-0.027908325;-0.027908325;1420462582464
454;0.011721134;-0.0015592575;-0.0015592575;1420462582479
455;-0.03602743;0.0054798126;0.0054798126;1420462582498
456;-0.077536106;-0.049646378;-0.049646378;1420462582514
457;-0.037806988;0.030532837;0.030532837;1420462582535
458;-0.05640161;-0.039286613;-0.039286613;1420462582565
459;-0.02014494;0.02441597;0.02441597;1420462582581
460;0.009476662;0.033314705;0.033314705;1420462582598
461;-0.029735088;0.12511063;0.12511063;1420462582618
462;0.060233474;-0.09212685;-0.09212685;1420462582633
463;-0.07654512;-0.018953323;-0.018953323;1420462582653
464;-0.044582248;-0.014860153;-0.014860153;1420462582679
465;-0.05939758;3.3569336E-4;3.3569336E-4;1420462582707
466;-0.08292806;-0.040530205;-0.040530205;1420462582715
467;-0.046532393;0.026262283;0.026262283;1420462582732
468;-0.06571329;0.07938862;0.07938862;1420462582754
469;-0.049322963;0.013409615;0.013409615;1420462582780
470;-0.44437826;0.27846336;0.27846336;1420462582798
471;0.036227703;-0.0038585663;-0.0038585663;1420462582813
472;0.0035455227;0.022618294;0.022618294;1420462582830
473;-0.015216947;-0.10089016;-0.10089016;1420462582850
474;-0.009800434;-0.04965973;-0.04965973;1420462582870
475;0.12716532;-0.08263111;-0.08263111;1420462582892
476;0.12046981;0.07292843;0.07292843;1420462582913
477;-0.042438865;0.005290985;0.005290985;1420462582929
478;0.009995103;0.049894333;0.049894333;1420462582949
479;0.06391227;-0.8323641;-0.8323641;1420462582969
480;-0.006552577;-0.042359352;-0.042359352;1420462582992
481;-0.03347373;0.01250267;0.01250267;1420462583014
482;-0.031751275;0.017189026;0.017189026;1420462583041
483;0.022231936;-0.0148983;-0.0148983;1420462583048
484;-0.0012290478;7.638931E-4;7.638931E-4;1420462583067
485;0.01166451;-0.04047489;-0.04047489;1420462583088
486;-0.045051575;-0.2541256;-0.2541256;1420462583116
487;0.031783104;-0.1213913;-0.1213913;1420462583140
488;0.043135524;0.028736115;0.028736115;1420462583147
489;-0.032601237;-0.068146706;-0.068146706;1420462583168
490;0.12652737;-0.15184021;-0.15184021;1420462583187
491;0.1980505;-0.44773483;-0.44773483;1420462583217
492;0.53728086;-0.7328224;-0.7328224;1420462583242
493;1.2844949;-1.5273237;-1.5273237;1420462583246
494;2.0886772;-2.9209824;-2.9209824;1420462583266
495;2.0571225;-4.4451866;-4.4451866;1420462583288
496;4.651955;-7.2482567;-7.2482567;1420462583318
497;0.25254035;-9.572252;-9.572252;1420462583341
498;0.8557569;-7.8196373;-7.8196373;1420462583345
499;4.283136;-8.426552;-8.426552;1420462583367
500;1.9538362;-6.506938;-6.506938;1420462583387
501;0.9446442;-4.6526823;-4.6526823;1420462583404
502;1.5940698;-5.3092823;-5.3092823;1420462583423
503;8.852482E-4;-5.6066628;-5.6066628;1420462583450
504;-0.3897066;-4.9341908;-4.9341908;1420462583474
505;-1.2742534;-4.11368;-4.11368;1420462583483
506;-1.3824294;-3.7840433;-3.7840433;1420462583502
507;-0.5455015;-1.4300766;-1.4300766;1420462583521
508;0.2939849;0.57389545;0.57389545;1420462583550
509;0.14351988;1.7691727;1.7691727;1420462583573
510;-0.17092323;2.659068;2.659068;1420462583582
511;0.4297688;3.7953653;3.7953653;1420462583602
512;0.540077;4.773327;4.773327;1420462583624
513;0.25502014;6.2587547;6.2587547;1420462583651
514;0.5621357;8.389103;8.389103;1420462583669
515;-0.024195671;9.121923;9.121923;1420462583696
516;-1.2693123;8.263251;8.263251;1420462583701
517;-1.2383579;8.839243;8.839243;1420462583722
518;-1.4966344;9.64846;9.64846;1420462583768
519;-1.5053973;10.55903;10.55903;1420462583769
520;-0.94275963;11.541747;11.541747;1420462583786
521;-1.0736506;11.784612;11.784612;1420462583806
522;-2.08681;9.763547;9.763547;1420462583825
523;-1.7854878;8.589873;8.589873;1420462583838
524;-1.978413;7.5733833;7.5733833;1420462583859
525;-2.1627736;6.403757;6.403757;1420462583885
526;-3.3535662;4.660265;4.660265;1420462583906
527;-4.287673;2.7110567;2.7110567;1420462583918
528;-1.8769841;3.8642015;3.8642015;1420462583937
529;-1.7063638;3.1687584;3.1687584;1420462583957
530;-2.8452654;1.8705521;1.8705521;1420462583986
531;-1.7907267;1.5999956;1.5999956;1420462584007
532;-3.2203715;-0.050395012;-0.050395012;1420462584017
533;-4.715625;-1.6353683;-1.6353683;1420462584037
534;-4.6221;-3.1087265;-3.1087265;1420462584062
535;-2.4709396;-2.5492697;-2.5492697;1420462584086
536;0.42269945;-1.4417133;-1.4417133;1420462584108
537;1.1093512;-0.24904633;-0.24904633;1420462584115
538;0.93379164;-0.8285942;-0.8285942;1420462584136
539;0.96967196;-1.5028238;-1.5028238;1420462584155
540;-0.05542755;-1.7820807;-1.7820807;1420462584174
541;-0.48367572;-2.411543;-2.411543;1420462584204
542;-0.48774505;-2.0493345;-2.0493345;1420462584229
543;0.50240874;-1.9005222;-1.9005222;1420462584234
544;0.9663682;-2.6795473;-2.6795473;1420462584253
545;1.582856;-3.2101583;-3.2101583;1420462584276
546;2.442169;-3.3945713;-3.3945713;1420462584303
547;2.5674567;-2.5144835;-2.5144835;1420462584326
548;2.5179265;-2.2666988;-2.2666988;1420462584333
549;2.43117;-2.2542095;-2.2542095;1420462584354
550;1.5488133;-2.225974;-2.225974;1420462584372
551;1.1032724;-2.5136776;-2.5136776;1420462584394
552;1.6013694;-2.9220905;-2.9220905;1420462584421
553;2.1706018;-3.2606926;-3.2606926;1420462584442
554;1.9319323;-3.3544722;-3.3544722;1420462584466
555;0.7390453;-2.6514044;-2.6514044;1420462584471
556;-1.4036144;-5.2767534;-5.2767534;1420462584491
557;2.8055918;-2.8734941;-2.8734941;1420462584510
558;1.5433447;-0.09248543;-0.09248543;1420462584538
559;0.26251596;-1.0791016;-1.0791016;1420462584558
560;-0.46410465;-1.3504333;-1.3504333;1420462584584
561;0.05795312;0.10079384;0.10079384;1420462584591
562;0.008969545;0.06425953;0.06425953;1420462584609
563;-0.37690234;0.17640018;0.17640018;1420462584638
564;-0.14121509;0.15909386;0.15909386;1420462584659
565;-0.6769501;0.81721497;0.81721497;1420462584669
566;-0.17580223;-0.23040676;-0.23040676;1420462584691
567;0.1618483;-0.06973171;-0.06973171;1420462584711
568;-0.022361636;-0.67493534;-0.67493534;1420462584741
569;-0.46227133;0.2224245;0.2224245;1420462584763
570;-0.23034716;0.013727188;0.013727188;1420462584767
571;0.028662682;0.17040825;0.17040825;1420462584804
572;-0.020670295;-0.099559784;-0.099559784;1420462584807
573;-0.20468223;0.037794113;0.037794113;1420462584832
574;-0.31497288;0.19882488;0.19882488;1420462584858
575;-0.36913443;0.25484085;0.25484085;1420462584886
576;-0.16765237;-0.08479309;-0.08479309;1420462584887
577;-0.086077094;-0.08143234;-0.08143234;1420462584908
578;-0.24631631;-0.0070152283;-0.0070152283;1420462584930
579;-0.40300035;0.2159071;0.2159071;1420462584957
580;-0.17674422;0.031858444;0.031858444;1420462584975
581;-0.077359736;0.030233383;0.030233383;1420462584991
582;-0.10169476;0.007000923;0.007000923;1420462585011
583;-0.11630201;0.017235756;0.017235756;1420462585024
584;-0.05709541;-0.023508072;-0.023508072;1420462585044
585;0.004531741;0.021234512;0.021234512;1420462585063
586;0.08623499;-0.2116375;-0.2116375;1420462585090
587;0.47736478;-0.52399635;-0.52399635;1420462585112
588;0.79388744;-1.078701;-1.078701;1420462585123
589;1.0158671;-2.1407623;-2.1407623;1420462585142
590;2.0209322;-3.8946466;-3.8946466;1420462585162
591;3.3462455;-8.323362;-8.323362;1420462585190
592;3.7703087;-9.59263;-9.59263;1420462585209
593;5.473725;-8.8124695;-8.8124695;1420462585228
594;3.2056813;-9.538458;-9.538458;1420462585242
595;3.9139318;-9.067045;-9.067045;1420462585261
596;2.3482049;-6.7521133;-6.7521133;1420462585293
597;1.760754;-7.538681;-7.538681;1420462585312
598;0.61900926;-6.953204;-6.953204;1420462585321
599;-1.0920601;-6.4920225;-6.4920225;1420462585341
600;-1.430449;-4.9384384;-4.9384384;1420462585362
601;-1.1573589;-0.6708641;-0.6708641;1420462585391
602;-1.1935251;1.778904;1.778904;1420462585412
603;-0.6743052;3.9663029;3.9663029;1420462585420
604;-0.10356116;5.3909664;5.3909664;1420462585445
605;0.31104732;7.582613;7.582613;1420462585464
606;0.17282104;9.907875;9.907875;1420462585479
607;0.8434317;11.643584;11.643584;1420462585499
608;0.20976019;11.295359;11.295359;1420462585527
609;-0.6935785;11.033031;11.033031;1420462585545
610;-1.0940441;11.373984;11.373984;1420462585566
611;-1.5959569;10.826061;10.826061;1420462585578
612;-2.5001857;10.139828;10.139828;1420462585597
613;-2.7340524;9.089348;9.089348;1420462585625
614;-2.3275402;8.886605;8.886605;1420462585646
615;-2.8732023;8.06041;8.06041;1420462585657
616;-3.5668;6.254072;6.254072;1420462585676
617;-2.8485656;5.865143;5.865143;1420462585697
618;-2.843221;6.10289;6.10289;1420462585725
619;-3.1036463;4.97278;4.97278;1420462585747
620;-1.5167776;4.565727;4.565727;1420462585756
621;-2.0273395;3.063655;3.063655;1420462585778
622;-3.6152844;1.3477545;1.3477545;1420462585797
623;-4.889966;0.870512;0.870512;1420462585816
624;-4.046053;1.772048;1.772048;1420462585843
625;-1.9757956;0.74947166;0.74947166;1420462585863
626;-0.15574908;-0.5757494;-0.5757494;1420462585874
627;-1.4485214;-0.39913654;-0.39913654;1420462585893
628;-2.6399214;0.45154858;0.45154858;1420462585913
629;-2.355939;-0.30591297;-0.30591297;1420462585933
630;-0.14921594;-1.678544;-1.678544;1420462585962
631;1.7602563;-1.256958;-1.256958;1420462585978
632;3.0913882;-1.4226036;-1.4226036;1420462586000
633;1.5322039;-1.5586538;-1.5586538;1420462586013
634;0.43953776;-2.7443972;-2.7443972;1420462586032
635;0.58373475;-2.6097574;-2.6097574;1420462586062
636;1.2844006;-2.0657864;-2.0657864;1420462586082
637;1.1902864;-1.6834965;-1.6834965;1420462586092
638;2.0306678;-2.1864996;-2.1864996;1420462586111
639;2.75238;-2.856063;-2.856063;1420462586132
640;2.853808;-3.0980902;-3.0980902;1420462586163
641;2.7442226;-3.0553083;-3.0553083;1420462586182
642;1.7333404;-3.496582;-3.496582;1420462586189
643;0.6744144;-3.9713755;-3.9713755;1420462586211
644;0.5550196;-4.1807995;-4.1807995;1420462586231
645;0.52588826;-4.4371586;-4.4371586;1420462586250
646;0.643039;-3.9732456;-3.9732456;1420462586277
647;0.4118818;-2.8511505;-2.8511505;1420462586295
648;0.42082965;-1.6922712;-1.6922712;1420462586317
649;0.9406991;-0.9513254;-0.9513254;1420462586329
650;4.9382334;-0.046022415;-0.046022415;1420462586348
651;6.27349;-0.7726002;-0.7726002;1420462586368
652;-5.4557657;-2.2488413;-2.2488413;1420462586396
653;-1.9851966;-1.1174564;-1.1174564;1420462586416
654;-0.9405042;0.16203785;0.16203785;1420462586427
655;0.72914326;-0.07726097;-0.07726097;1420462586447
656;0.09252977;0.08507252;0.08507252;1420462586466
657;0.15075815;-0.018904686;-0.018904686;1420462586496
658;-0.149925;-0.11392689;-0.11392689;1420462586516
659;-0.22557914;0.12490845;0.12490845;1420462586526
660;-0.19255793;-0.013530731;-0.013530731;1420462586547
661;-0.11086762;-0.15710449;-0.15710449;1420462586567
662;-0.1109823;-0.08024216;-0.08024216;1420462586595
663;0.058242798;-0.039055824;-0.039055824;1420462586617
664;-0.18277454;-0.10851002;-0.10851002;1420462586625
665;-0.09716046;-0.18614292;-0.18614292;1420462586645
666;-0.15952885;0.07591629;0.07591629;1420462586667
667;-0.292372;-0.022501945;-0.022501945;1420462586684
668;-0.233554;0.045327187;0.045327187;1420462586704
669;-0.24484682;0.012749672;0.012749672;1420462586732
670;-0.2853818;0.1036005;0.1036005;1420462586756
671;-0.30705023;0.11101532;0.11101532;1420462586763
672;-0.18048954;0.056209564;0.056209564;1420462586782
673;-0.1869005;-0.08126354;-0.08126354;1420462586805
674;-0.24986899;0.055371284;0.055371284;1420462586830
675;-0.19290972;0.078476906;0.078476906;1420462586851
676;-0.07063794;0.09701061;0.09701061;1420462586862
677;-0.07793188;-0.39077663;-0.39077663;1420462586884
678;-0.122995496;-0.038972855;-0.038972855;1420462586901
679;-0.24324644;-0.10708618;-0.10708618;1420462586921
680;-0.24853456;0.09285641;0.09285641;1420462586949
681;-0.16694784;0.051294327;0.051294327;1420462586973
682;-0.17854059;0.043444633;0.043444633;1420462586981
683;-0.13613367;0.15609074;0.15609074;1420462587010
684;-0.12509096;-0.052431107;-0.052431107;1420462587033
685;-0.24465561;0.06555176;0.06555176;1420462587055
686;-0.36668944;0.09676647;0.09676647;1420462587060
687;-0.08644545;-0.015729904;-0.015729904;1420462587082
688;0.04531455;0.047724724;0.047724724;1420462587101
689;-0.39041114;0.11976814;0.11976814;1420462587118
690;-0.3193519;-0.06982517;-0.06982517;1420462587139
691;-0.23390174;0.035110474;0.035110474;1420462587167
692;-0.044405222;0.053495407;0.053495407;1420462587183
693;-0.019088745;-7.209778E-4;-7.209778E-4;1420462587204
694;0.13984776;-0.16083431;-0.16083431;1420462587218
695;0.2883011;-0.41297054;-0.41297054;1420462587237
696;0.19223595;-0.58762455;-0.58762455;1420462587265
697;0.2853396;-0.95354843;-0.95354843;1420462587285
698;0.8328433;-1.8129673;-1.8129673;1420462587296
699;1.2177864;-3.2026596;-3.2026596;1420462587316
700;2.384692;-5.838069;-5.838069;1420462587336
701;2.4990313;-9.578703;-9.578703;1420462587365
702;3.4593434;-7.518981;-7.518981;1420462587383
703;1.8522041;-6.0930843;-6.0930843;1420462587400
704;3.4224653;-9.539132;-9.539132;1420462587417
705;5.7612786;-8.324612;-8.324612;1420462587438
706;3.4597712;-6.4250755;-6.4250755;1420462587466
707;2.195376;-5.4237537;-5.4237537;1420462587487
708;0.9132099;-2.46949;-2.46949;1420462587494
709;1.1438336;-0.5792408;-0.5792408;1420462587516
710;0.6595888;-0.62302685;-0.62302685;1420462587534
711;-0.573282;-1.2000647;-1.2000647;1420462587559
712;-1.9231913;-2.0539055;-2.0539055;1420462587585
713;-1.5714924;-1.381691;-1.381691;1420462587604
714;-1.6947877;0.101109505;0.101109505;1420462587613
715;-1.7352493;1.8152637;1.8152637;1420462587633
716;-1.9714441;4.5559797;4.5559797;1420462587655
717;-1.8023314;5.8098316;5.8098316;1420462587683
718;-1.5514417;6.6764994;6.6764994;1420462587702
719;-1.8822536;6.8090076;6.8090076;1420462587726
720;-1.4844224;8.400524;8.400524;1420462587731
721;-0.83613956;10.830454;10.830454;1420462587751
722;-0.94977427;11.8148155;11.8148155;1420462587774
723;-0.95658636;11.16074;11.16074;1420462587800
724;-0.80340254;12.109045;12.109045;1420462587824
725;-1.3893689;12.118378;12.118378;1420462587830
726;-2.6234088;9.817975;9.817975;1420462587851
727;-2.0441494;7.6067247;7.6067247;1420462587873
728;-1.3356347;7.8468847;7.8468847;1420462587902
729;-1.4911739;6.744232;6.744232;1420462587922
730;-1.5951335;4.925948;4.925948;1420462587929
731;-1.5197942;3.800086;3.800086;1420462587952
732;-2.7646275;3.664237;3.664237;1420462587971
733;-2.152351;3.802102;3.802102;1420462587991
734;0.12920189;2.809329;2.809329;1420462588020
735;-1.192692;0.13954353;0.13954353;1420462588040
736;-3.0557861;-2.0233564;-2.0233564;1420462588047
737;-3.26499;-0.4276352;-0.4276352;1420462588068
738;-3.5516644;-0.4944477;-0.4944477;1420462588095
739;-4.0407662;-1.9331083;-1.9331083;1420462588121
740;-2.898252;-1.5372372;-1.5372372;1420462588146
741;-2.2435625;-1.7527218;-1.7527218;1420462588147
742;-1.8459284;-1.6905737;-1.6905737;1420462588168
743;-2.006662;-1.3362722;-1.3362722;1420462588190
744;-2.7174907;-1.9380007;-1.9380007;1420462588205
745;-2.0354447;-1.2129908;-1.2129908;1420462588227
746;-1.0986167;-0.36459064;-0.36459064;1420462588252
747;-0.31168604;0.31731415;0.31731415;1420462588276
748;-0.1565026;-0.20904064;-0.20904064;1420462588285
749;-0.052447677;-0.96461964;-0.96461964;1420462588303
750;-0.028081298;-1.8867693;-1.8867693;1420462588324
751;-0.22136307;-1.4478168;-1.4478168;1420462588356
752;-0.33469296;-1.451087;-1.451087;1420462588374
753;-0.07140863;-1.20018;-1.20018;1420462588384
754;1.2400534;-1.7412205;-1.7412205;1420462588405
755;2.9042482;-1.5485744;-1.5485744;1420462588425
756;3.9573257;-1.5763407;-1.5763407;1420462588453
757;4.1060667;-1.6363192;-1.6363192;1420462588474
758;4.616836;-2.030776;-2.030776;1420462588482
759;4.2813473;-2.4327087;-2.4327087;1420462588505
760;2.7688985;-3.3160982;-3.3160982;1420462588521
761;0.44447458;-4.6626368;-4.6626368;1420462588542
762;6.020548;-0.7306433;-0.7306433;1420462588570
763;3.491768;-8.114842;-8.114842;1420462588588
764;3.9799714;-2.5250673;-2.5250673;1420462588609
765;-0.043765306;0.025324821;0.025324821;1420462588621
766;0.50417674;-0.22157764;-0.22157764;1420462588640
767;0.31311405;-0.6439028;-0.6439028;1420462588659
768;-0.5201161;-0.6184521;-0.6184521;1420462588680
769;-0.7284292;-0.41861057;-0.41861057;1420462588705
770;-0.28226244;0.15475273;0.15475273;1420462588736
771;-0.0711329;0.07428932;0.07428932;1420462588739
772;-0.18815887;0.5797615;0.5797615;1420462588758
773;0.013327718;0.31295967;0.31295967;1420462588789
774;-0.063035846;0.34422016;0.34422016;1420462588798
775;-0.3133422;-0.14705849;-0.14705849;1420462588821
776;-0.42245877;-0.2460165;-0.2460165;1420462588842
777;-0.2608497;-0.21655083;-0.21655083;1420462588857
778;-0.17723966;0.059419632;0.059419632;1420462588877
779;0.027718067;-0.09701061;-0.09701061;1420462588904
780;-0.10944235;0.14160919;0.14160919;1420462588929
781;0.09433198;0.10552406;0.10552406;1420462588937
782;-0.2130717;0.18287754;0.18287754;1420462588955
783;-0.2509061;-0.005882263;-0.005882263;1420462588976
784;-0.118456244;0.048477173;0.048477173;1420462589006
785;-0.22441936;0.010602951;0.010602951;1420462589027
786;-0.28084326;0.10063076;0.10063076;1420462589035
787;-0.16944957;0.14208412;0.14208412;1420462589056
788;-0.23075151;0.079013824;0.079013824;1420462589078
789;-0.2491473;0.101371765;0.101371765;1420462589106
790;-0.20882845;0.0041303635;0.0041303635;1420462589124
791;-0.20632815;0.06471634;0.06471634;1420462589141
792;-0.22336745;0.13141155;0.13141155;1420462589161
793;-0.534812;1.0993938;1.0993938;1420462589173
794;-0.08249307;-0.33542633;-0.33542633;1420462589193
795;-0.11925626;0.04425907;0.04425907;1420462589218
796;0.06896007;0.43657207;0.43657207;1420462589234
797;-0.13426232;-0.6589289;-0.6589289;1420462589252
798;-0.121703744;-0.01334095;-0.01334095;1420462589272
799;-0.12629473;0.019704819;0.019704819;1420462589292
800;-0.16420925;0.010014534;0.010014534;1420462589311
801;-0.094118714;-0.024561882;-0.024561882;1420462589338
802;-0.14047098;-0.039657593;-0.039657593;1420462589355
803;-0.12975264;-0.025431633;-0.025431633;1420462589372
804;0.037548542;-0.30185986;-0.30185986;1420462589390
805;-0.06565237;-0.43785;-0.43785;1420462589412
806;0.32676375;-0.7859621;-0.7859621;1420462589437
807;1.2017117;-1.6045465;-1.6045465;1420462589456
808;3.1792243;-3.830388;-3.830388;1420462589473
809;4.4298987;-8.0516815;-8.0516815;1420462589489
810;5.000038;-9.618129;-9.618129;1420462589509
811;3.1852963;-5.6376667;-5.6376667;1420462589529
812;1.2534126;-4.1912966;-4.1912966;1420462589555
813;5.2911496;-6.8557777;-6.8557777;1420462589571
814;3.9520726;-4.203867;-4.203867;1420462589592
815;2.8962126;-3.6700268;-3.6700268;1420462589608
816;2.1704524;-4.225889;-4.225889;1420462589628
817;0.42409348;-3.7193499;-3.7193499;1420462589648
818;-1.0557879;-3.8977852;-3.8977852;1420462589673
819;-2.0484881;-3.8670597;-3.8670597;1420462589692
820;-1.6780211;-3.3348923;-3.3348923;1420462589712
821;-1.688635;-2.329113;-2.329113;1420462589732
822;-2.116534;-1.3788576;-1.3788576;1420462589757
823;-3.5967417;-0.5431013;-0.5431013;1420462589779
824;-3.4869533;0.57525635;0.57525635;1420462589786
825;-3.633235;1.9260492;1.9260492;1420462589808
826;-3.2462573;3.644826;3.644826;1420462589832
827;-2.1187854;5.6232195;5.6232195;1420462589846
828;-1.7827563;7.3133154;7.3133154;1420462589864
829;-0.7816206;8.965733;8.965733;1420462589894
830;-0.3660394;10.483877;10.483877;1420462589913
831;-0.7114522;10.268688;10.268688;1420462589924
832;-2.4215894;9.119028;9.119028;1420462589944
833;-1.5751401;9.19779;9.19779;1420462589966
834;-0.7392529;9.128125;9.128125;1420462589994
835;-1.1483418;8.459833;8.459833;1420462590014
836;-1.0472767;8.148096;8.148096;1420462590023
837;-0.7873361;7.484543;7.484543;1420462590046
838;-1.8106723;6.80721;6.80721;1420462590062
839;-2.489643;6.024247;6.024247;1420462590082
840;-1.918467;5.2049026;5.2049026;1420462590110
841;-2.1857316;4.8626976;4.8626976;1420462590127
842;-2.2473974;4.549574;4.549574;1420462590148
843;-2.446205;3.7091541;3.7091541;1420462590162
844;-2.5483685;2.7110252;2.7110252;1420462590181
845;-1.7279539;2.7663088;2.7663088;1420462590209
846;-1.3502667;2.1305466;2.1305466;1420462590232
847;-2.287766;1.67136;1.67136;1420462590241
848;-2.4329562;1.11551;1.11551;1420462590261
849;-2.3933368;0.118686676;0.118686676;1420462590282
850;-2.72976;-0.76143456;-0.76143456;1420462590310
851;-2.3026297;-1.1054087;-1.1054087;1420462590331
852;-1.8061186;-0.32020283;-0.32020283;1420462590345
853;-2.3678675;-1.1535187;-1.1535187;1420462590370
854;-2.2169018;-2.7907362;-2.7907362;1420462590379
855;-0.7097758;-1.5632172;-1.5632172;1420462590398
856;0.29565752;0.23090744;0.23090744;1420462590429
857;0.6822199;0.47112942;0.47112942;1420462590454
858;0.92114687;-2.214282;-2.214282;1420462590458
859;0.9842996;-3.53232;-3.53232;1420462590480
860;2.168021;-2.5130348;-2.5130348;1420462590499
861;2.4927082;-3.0452652;-3.0452652;1420462590516
862;2.094552;-4.5209446;-4.5209446;1420462590537
863;0.27282327;-7.5827694;-7.5827694;1420462590567
864;-0.6395187;-7.392931;-7.392931;1420462590576
865;0.55563414;-6.49872;-6.49872;1420462590599
866;1.3104147;-4.6249905;-4.6249905;1420462590616
867;0.6287442;-3.931262;-3.931262;1420462590636
868;-0.50911856;-2.6543741;-2.6543741;1420462590677
869;-0.06643224;-1.6521854;-1.6521854;1420462590678
870;1.7108058;-0.804183;-0.804183;1420462590708
871;5.068173;0.83154297;0.83154297;1420462590714
872;10.012106;0.31034184;0.31034184;1420462590734
873;8.900728;1.2097521;1.2097521;1420462590756
874;-4.4929585;-1.5459108;-1.5459108;1420462590775
875;-2.1762176;0.09716892;0.09716892;1420462590793
876;1.526456;-1.8765554;-1.8765554;1420462590813
877;0.3892405;-1.3886766;-1.3886766;1420462590833
878;-0.3927909;-0.0030536652;-0.0030536652;1420462590853
879;-0.19311142;0.16720963;0.16720963;1420462590876
880;-0.08368039;-0.067905426;-0.067905426;1420462590893
881;-0.006356597;0.11120796;0.11120796;1420462590911
882;-0.18084812;0.041880608;0.041880608;1420462590932
883;-0.32839036;0.0033626556;0.0033626556;1420462590951
884;-0.30697608;-0.004928589;-0.004928589;1420462590986
885;-0.31072664;0.015151978;0.015151978;1420462590993
886;-0.22792995;0.104743004;0.104743004;1420462591025
887;-0.13343918;0.008613586;0.008613586;1420462591031
888;-0.27031052;-0.0061178207;-0.0061178207;1420462591060
889;-0.2801081;0.045619965;0.045619965;1420462591084
890;-0.27818394;0.07254982;0.07254982;1420462591090
891;-0.22098196;0.26676083;0.26676083;1420462591114
892;-0.12529075;0.090159416;0.090159416;1420462591135
893;-0.24823773;0.0970974;0.0970974;1420462591149
894;-0.26681852;0.04274082;0.04274082;1420462591169
895;-0.21991694;0.052404404;0.052404404;1420462591197
896;-0.1459614;0.09301376;0.09301376;1420462591221
897;-0.2284925;0.015898705;0.015898705;1420462591228
898;-0.22998548;0.046185493;0.046185493;1420462591249
899;-0.48591852;0.4522524;0.4522524;1420462591271
900;-0.11862135;-0.26275635;-0.26275635;1420462591298
901;-0.2146697;0.20248127;0.20248127;1420462591321
902;-0.18862188;0.011256218;0.011256218;1420462591327
903;-0.2555009;0.034748077;0.034748077;1420462591348
904;-0.17344666;0.05585575;0.05585575;1420462591372
905;-0.105436325;0.033854485;0.033854485;1420462591406
906;-0.15083909;-0.006055832;-0.006055832;1420462591407
907;-0.08660507;0.10480118;0.10480118;1420462591431
908;-0.18929267;0.58294296;0.58294296;1420462591453
909;0.028228521;-0.24123096;-0.24123096;1420462591466
910;-0.15038824;0.011975288;0.011975288;1420462591485
911;-0.14763474;0.010857582;0.010857582;1420462591504
912;-0.07129288;0.009950638;0.009950638;1420462591532
913;-0.12878537;-0.0037136078;-0.0037136078;1420462591550
914;-0.113463044;0.02207756;0.02207756;1420462591570
915;-0.14957857;-0.12169361;-0.12169361;1420462591584
916;-0.11814821;0.0518198;0.0518198;1420462591603
917;-0.07342088;-0.0538311;-0.0538311;1420462591634
918;-0.06258941;-0.15209675;-0.15209675;1420462591656
919;0.0823077;-0.42626572;-0.42626572;1420462591663
920;0.34711087;-0.83383656;-0.83383656;1420462591685
921;1.1917211;-1.5834951;-1.5834951;1420462591704
922;1.9127955;-3.2744932;-3.2744932;1420462591734
923;3.610365;-6.3542786;-6.3542786;1420462591754
924;4.426612;-9.612587;-9.612587;1420462591762
925;4.04534;-7.789671;-7.789671;1420462591783
926;3.0153327;-6.300973;-6.300973;1420462591804
927;6.173055;-7.2474747;-7.2474747;1420462591820
928;6.5037594;-3.4714947;-3.4714947;1420462591841
929;4.122595;-3.057891;-3.057891;1420462591869
930;2.610302;-2.4161196;-2.4161196;1420462591890
931;1.0467397;-2.9920235;-2.9920235;1420462591900
932;-0.7868943;-3.5469227;-3.5469227;1420462591919
933;-2.1393383;-3.2779331;-3.2779331;1420462591939
934;-3.0625935;-3.2457476;-3.2457476;1420462591967
935;-3.212904;-1.8434277;-1.8434277;1420462591987
936;-3.7672746;-1.7887535;-1.7887535;1420462591999
937;-3.4235115;-1.17906;-1.17906;1420462592019
938;-3.4489064;0.7931452;0.7931452;1420462592039
939;-3.138174;2.5184898;2.5184898;1420462592068
940;-2.1012764;4.015136;4.015136;1420462592088
941;-1.228755;4.835908;4.835908;1420462592098
942;-1.1395853;5.2449875;5.2449875;1420462592118
943;-1.5382968;6.584237;6.584237;1420462592144
944;-1.197489;7.247163;7.247163;1420462592170
945;-1.2794495;7.649744;7.649744;1420462592189
946;-1.5233793;7.7164316;7.7164316;1420462592196
947;-1.660164;8.242116;8.242116;1420462592218
948;-1.8829745;8.7738085;8.7738085;1420462592239
949;-2.3396556;8.703193;8.703193;1420462592256
950;-2.104693;8.0463;8.0463;1420462592275
951;-1.2528287;7.7980747;7.7980747;1420462592302
952;-1.2278374;7.0228004;7.0228004;1420462592320
953;-1.5239245;5.5705605;5.5705605;1420462592343
954;-1.4220662;5.1313906;5.1313906;1420462592355
955;-2.663604;4.0541162;4.0541162;1420462592374
956;-2.4382148;3.5026455;3.5026455;1420462592402
957;-1.1566985;3.8245192;3.8245192;1420462592420
958;-1.6327686;3.43616;3.43616;1420462592437
959;-1.3713449;3.3955412;3.3955412;1420462592462
960;-1.5185735;3.7155094;3.7155094;1420462592472
961;-2.9081233;3.428381;3.428381;1420462592492
962;-2.9950385;2.2050047;2.2050047;1420462592514
963;-3.8909676;1.1768084;1.1768084;1420462592534
964;-3.2864358;2.0648823;2.0648823;1420462592551
965;-2.9229712;0.52759457;0.52759457;1420462592571
966;-3.7081008;-1.1981764;-1.1981764;1420462592590
967;-3.2553382;-0.9900751;-0.9900751;1420462592611
968;-2.1666324;-0.09222317;-0.09222317;1420462592632
969;-1.6392119;0.60599613;0.60599613;1420462592650
970;-0.85001063;0.0024576187;0.0024576187;1420462592670
971;0.028062403;-0.3361225;-0.3361225;1420462592689
972;0.13818109;-0.3250656;-0.3250656;1420462592709
973;0.68834305;0.08571911;0.08571911;1420462592733
974;1.3667932;-0.79735565;-0.79735565;1420462592749
975;1.7710315;-1.8156891;-1.8156891;1420462592768
976;0.66811705;-2.7084818;-2.7084818;1420462592788
977;-1.0649188;-4.688942;-4.688942;1420462592808
978;-0.86231494;-6.3136024;-6.3136024;1420462592831
979;-0.7998548;-8.442592;-8.442592;1420462592854
980;-1.6189293;-9.006966;-9.006966;1420462592872
981;-1.2614487;-6.8084345;-6.8084345;1420462592894
982;0.10978056;-4.4969254;-4.4969254;1420462592908
983;0.796878;-2.7272997;-2.7272997;1420462592927
984;1.7098284;-1.7037916;-1.7037916;1420462592955
985;3.4729788;-0.6507206;-0.6507206;1420462592976
986;5.5935206;0.9935732;0.9935732;1420462592987
987;6.2325106;3.1246023;3.1246023;1420462593006
988;9.62658;4.529229;4.529229;1420462593026
989;7.2439103;2.3811865;2.3811865;1420462593056
990;-1.4377769;-5.926174;-5.926174;1420462593072
991;-2.030222;-4.086364;-4.086364;1420462593089
992;3.3680348;-2.3889818;-2.3889818;1420462593106
993;0.0147691965;-2.6349936;-2.6349936;1420462593124
994;-2.0824547;-0.096175194;-0.096175194;1420462593150
995;-0.344406;0.2871189;0.2871189;1420462593171
996;0.2257992;0.19880486;0.19880486;1420462593183
997;0.13863981;-0.08555889;-0.08555889;1420462593203
998;-0.17338789;0.26200676;0.26200676;1420462593223
999;-0.3619051;0.16020966;0.16020966;1420462593243
1000;-0.08581281;-0.027201653;-0.027201653;1420462593266
1001;-0.29401958;0.051766396;0.051766396;1420462593284
1002;-0.18770957;0.042042732;0.042042732;1420462593302
1003;-0.18176353;0.09183979;0.09183979;1420462593321
1004;-0.21902382;0.030687332;0.030687332;1420462593341
1005;-0.17593026;0.003282547;0.003282547;1420462593361
1006;-0.28378224;0.12768936;0.12768936;1420462593386
1007;-0.2537433;0.11142254;0.11142254;1420462593406
1008;-0.24014461;0.10652161;0.10652161;1420462593420
1009;-0.5072919;0.250782;0.250782;1420462593440
1010;-0.11471927;-0.100707054;-0.100707054;1420462593460
1011;-0.17219424;-0.051906586;-0.051906586;1420462593480
1012;-0.20401096;0.023274422;0.023274422;1420462593503
1013;-0.1604892;0.030002594;0.030002594;1420462593523
1014;-0.20695639;0.061193466;0.061193466;1420462593541
1015;-0.21165907;0.101986885;0.101986885;1420462593559
1016;-0.20093977;0.092713356;0.092713356;1420462593579
1017;-0.24029887;0.05473423;0.05473423;1420462593603
1018;-0.17945433;0.03804779;0.03804779;1420462593622
1019;-0.21225023;0.056500435;0.056500435;1420462593638
1020;-0.20232642;0.09026337;0.09026337;1420462593657
1021;-0.13817608;0.05770874;0.05770874;1420462593678
1022;-0.19219208;0.10439587;0.10439587;1420462593704
1023;-0.22191215;0.043296814;0.043296814;1420462593730
1024;-0.17938685;-0.094861984;-0.094861984;1420462593737
1025;-0.09774995;0.023683548;0.023683548;1420462593760
1026;-0.089545965;0.060061455;0.060061455;1420462593786
1027;-0.12421048;-0.05075264;-0.05075264;1420462593795
1028;-0.12771952;0.07605457;0.07605457;1420462593816
1029;-0.13746583;0.016114235;0.016114235;1420462593842
1030;-0.13632011;0.046933174;0.046933174;1420462593863
1031;-0.050105095;0.068600655;0.068600655;1420462593875
1032;-0.111567855;0.044629097;0.044629097;1420462593896
1033;-0.19807959;0.04363823;0.04363823;1420462593926
1034;-0.2020632;-0.0013237;-0.0013237;1420462593947
1035;-0.19151938;0.037288666;0.037288666;1420462593954
1036;-0.12399042;0.058340073;0.058340073;1420462593976
1037;-0.16600871;-0.077796936;-0.077796936;1420462593994
1038;-0.108946085;-0.12194443;-0.12194443;1420462594013
1039;-0.052572727;-0.021550179;-0.021550179;1420462594044
1040;0.061656713;-0.19428825;-0.19428825;1420462594063
1041;0.32415652;-0.4154482;-0.4154482;1420462594083
1042;0.48619628;-0.97707844;-0.97707844;1420462594095
1043;0.8744619;-2.0090837;-2.0090837;1420462594112
1044;2.0376163;-3.6294155;-3.6294155;1420462594132
1045;2.9428678;-6.605299;-6.605299;1420462594160
1046;3.455539;-8.364743;-8.364743;1420462594178
1047;3.967216;-6.6862297;-6.6862297;1420462594194
1048;5.1956105;-4.8103905;-4.8103905;1420462594221
1049;6.539006;-6.7801275;-6.7801275;1420462594231
1050;6.2579885;-4.166589;-4.166589;1420462594250
1051;4.0713367;-3.5019855;-3.5019855;1420462594279
1052;2.6611695;-3.7384415;-3.7384415;1420462594297
1053;2.174215;-2.954606;-2.954606;1420462594310
1054;0.17196536;-3.0966578;-3.0966578;1420462594331
1055;-0.1209414;-3.1167707;-3.1167707;1420462594360
1056;-1.1366832;-3.1482534;-3.1482534;1420462594381
1057;-2.1544597;-2.8066092;-2.8066092;1420462594389
1058;-2.983874;-2.3839378;-2.3839378;1420462594412
1059;-3.4011056;-0.9625015;-0.9625015;1420462594429
1060;-4.000368;0.07044983;0.07044983;1420462594455
1061;-4.419982;0.76420975;0.76420975;1420462594480
1062;-4.239139;2.4172392;2.4172392;1420462594488
1063;-3.8707995;3.5657692;3.5657692;1420462594515
1064;-3.4601507;4.3719034;4.3719034;1420462594527
1065;-3.56095;5.4590406;5.4590406;1420462594548
1066;-3.6609032;6.0973682;6.0973682;1420462594578
1067;-3.240963;6.2962284;6.2962284;1420462594598
1068;-3.4101696;6.578802;6.578802;1420462594621
1069;-2.853682;7.4812355;7.4812355;1420462594626
1070;-1.7604754;8.395365;8.395365;1420462594645
1071;-2.0927846;8.378473;8.378473;1420462594666
1072;-0.76075256;8.222714;8.222714;1420462594697
1073;-1.8185904;7.718487;7.718487;1420462594730
1074;-0.7405554;7.4804487;7.4804487;1420462594730
1075;0.16160065;8.096761;8.096761;1420462594753
1076;0.06261858;6.866089;6.866089;1420462594764
1077;-0.7303121;5.500782;5.500782;1420462594784
1078;-1.3299057;4.342758;4.342758;1420462594809
1079;-1.7197397;4.127818;4.127818;1420462594824
1080;-1.9514395;4.107772;4.107772;1420462594842
1081;-1.2186743;4.211032;4.211032;1420462594863
1082;-1.4421118;4.0963917;4.0963917;1420462594883
1083;-2.325094;3.196929;3.196929;1420462594911
1084;-2.3241193;2.290681;2.290681;1420462594931
1085;-3.0265508;2.4895344;2.4895344;1420462594946
1086;-2.628204;2.681243;2.681243;1420462594964
1087;-1.423353;1.9236135;1.9236135;1420462594982
1088;-1.4794743;1.0614138;1.0614138;1420462595000
1089;-2.4850085;1.2947273;1.2947273;1420462595028
1090;-3.7828074;0.6892462;0.6892462;1420462595046
1091;-4.3542275;-0.6251898;-0.6251898;1420462595066
1092;-2.685676;-1.2507849;-1.2507849;1420462595081
1093;-1.934974;-0.72889996;-0.72889996;1420462595102
1094;-2.0765305;-0.98866177;-0.98866177;1420462595127
1095;-2.763117;-1.971097;-1.971097;1420462595145
1096;-2.8702848;-3.0336962;-3.0336962;1420462595162
1097;-2.073694;-2.712659;-2.712659;1420462595178
1098;-0.59915715;-1.4529066;-1.4529066;1420462595198
1099;0.50887597;-0.8755636;-0.8755636;1420462595218
1100;0.76584625;-2.6067133;-2.6067133;1420462595240
1101;1.0017823;-5.266653;-5.266653;1420462595259
1102;2.2276578;-5.474654;-5.474654;1420462595279
1103;2.885864;-5.375822;-5.375822;1420462595297
1104;2.1742938;-4.4537907;-4.4537907;1420462595317
1105;1.367486;-4.269331;-4.269331;1420462595337
1106;0.82135826;-4.3731413;-4.3731413;1420462595358
1107;2.0019083;-3.672142;-3.672142;1420462595376
1108;3.6930528;-3.3587828;-3.3587828;1420462595396
1109;4.1653543;-1.9270363;-1.9270363;1420462595415
1110;8.2491665;1.5182505;1.5182505;1420462595436
1111;8.7077055;-0.9055567;-0.9055567;1420462595459
1112;9.115652;-2.1390553;-2.1390553;1420462595479
1113;-7.437963;-4.714555;-4.714555;1420462595494
1114;1.1297971;-2.0028133;-2.0028133;1420462595514
1115;-0.18405008;0.47228146;0.47228146;1420462595534
1116;-0.69421005;0.7826805;0.7826805;1420462595555
1117;-0.04405737;0.29174328;0.29174328;1420462595575
1118;-0.16128242;-0.32498455;-0.32498455;1420462595599
1119;-0.10245752;-0.14307785;-0.14307785;1420462595620
1120;-0.17070258;-0.10532379;-0.10532379;1420462595634
1121;-0.0029628277;0.1813116;0.1813116;1420462595653
1122;5.630255E-4;0.024035454;0.024035454;1420462595684
1123;-0.11526668;0.12718296;0.12718296;1420462595703
1124;-0.14007425;0.03236389;0.03236389;1420462595712
1125;-0.30848968;0.008031845;0.008031845;1420462595734
1126;-0.22012281;0.03211212;0.03211212;1420462595754
1127;-0.17575061;0.061149597;0.061149597;1420462595782
1128;-0.108495355;0.13061523;0.13061523;1420462595803
1129;-0.1376139;0.09407139;0.09407139;1420462595811
1130;-0.2495116;0.07308197;0.07308197;1420462595835
1131;-0.20265532;0.038271904;0.038271904;1420462595861
1132;-0.26113832;0.04373455;0.04373455;1420462595871
1133;-0.19675255;0.07985687;0.07985687;1420462595890
1134;-0.1767689;0.11082077;0.11082077;1420462595917
1135;-0.21669114;0.0941391;0.0941391;1420462595936
1136;-0.18475926;0.0988884;0.0988884;1420462595952
1137;-0.15438092;0.10135937;0.10135937;1420462595975
1138;-0.14918554;0.0494833;0.0494833;1420462596000
1139;-0.23771036;0.064341545;0.064341545;1420462596022
1140;-0.19354439;0.042517662;0.042517662;1420462596028
1141;-0.13092601;0.060401917;0.060401917;1420462596052
1142;-0.1772852;0.019979477;0.019979477;1420462596068
1143;-0.11888492;0.07054329;0.07054329;1420462596088
1144;-0.18961132;0.13342667;0.13342667;1420462596117
1145;-0.17765236;0.08598232;0.08598232;1420462596135
1146;-0.14256346;-0.0012836456;-0.0012836456;1420462596155
1147;-0.11665225;0.050308228;0.050308228;1420462596167
1148;-0.15095413;0.07070351;0.07070351;1420462596186
1149;-0.1520524;0.04697895;0.04697895;1420462596206
1150;-0.13558841;0.060652733;0.060652733;1420462596235
1151;-0.1261369;0.02747631;0.02747631;1420462596258
1152;-0.20957422;0.027428627;0.027428627;1420462596266
1153;-0.15264976;-0.011546135;-0.011546135;1420462596287
1154;-0.12595022;-0.03519535;-0.03519535;1420462596304
1155;-0.04452002;-1.2207031E-4;-1.2207031E-4;1420462596325
1156;-0.0325495;-0.049975395;-0.049975395;1420462596354
1157;-0.079009295;0.012015343;0.012015343;1420462596374
1158;-0.11981952;-0.021068573;-0.021068573;1420462596385
1159;-0.10722792;-0.05002308;-0.05002308;1420462596407
1160;0.030225515;-0.049304962;-0.049304962;1420462596423
1161;0.067272425;-0.14609718;-0.14609718;1420462596443
1162;0.011628628;-0.41053295;-0.41053295;1420462596471
1163;0.25844163;-0.5860224;-0.5860224;1420462596490
1164;0.5739122;-1.0260105;-1.0260105;1420462596502
1165;1.0359924;-2.0864592;-2.0864592;1420462596524
1166;2.4501605;-4.0993586;-4.0993586;1420462596552
1167;4.09505;-8.039642;-8.039642;1420462596575
1168;4.346736;-6.1701994;-6.1701994;1420462596581
1169;4.3128834;-4.7652473;-4.7652473;1420462596602
1170;2.4617813;-7.6652308;-7.6652308;1420462596623
1171;5.6980567;-5.7744913;-5.7744913;1420462596640
1172;6.928587;-3.2686214;-3.2686214;1420462596660
1173;4.89054;-3.6703281;-3.6703281;1420462596689
1174;3.8413496;-3.2103834;-3.2103834;1420462596704
1175;1.929208;-3.257268;-3.257268;1420462596734
1176;-1.1602654;-3.1684952;-3.1684952;1420462596740
1177;-3.195404;-2.5069437;-2.5069437;1420462596759
1178;-2.1448674;-1.6411333;-1.6411333;1420462596781
1179;-1.6237044;-1.8320608;-1.8320608;1420462596798
1180;-2.6547527;-1.5231628;-1.5231628;1420462596818
1181;-3.581181;-0.5137863;-0.5137863;1420462596838
1182;-5.2199244;1.2806749;1.2806749;1420462596858
1183;-3.9640188;2.0880985;2.0880985;1420462596880
1184;-2.652985;2.7088585;2.7088585;1420462596901
1185;-2.3176694;3.0974178;3.0974178;1420462596915
1186;-2.672452;3.7147074;3.7147074;1420462596936
1187;-2.3366294;4.4749527;4.4749527;1420462596956
1188;-2.0747666;5.033539;5.033539;1420462596976
1189;-2.401461;4.642806;4.642806;1420462596999
1190;-2.7417073;5.222124;5.222124;1420462597015
1191;-2.095331;6.879545;6.879545;1420462597035
1192;-1.985857;8.607991;8.607991;1420462597055
1193;-2.882205;8.315507;8.315507;1420462597075
1194;-2.3672152;7.675679;7.675679;1420462597102
1195;-2.0897098;7.4678974;7.4678974;1420462597116
1196;-1.4904518;7.748847;7.748847;1420462597134
1197;-1.212501;7.0268383;7.0268383;1420462597157
1198;-0.99313486;6.6871395;6.6871395;1420462597173
1199;-1.6460433;5.541502;5.541502;1420462597193
1200;-1.9032533;4.5264387;4.5264387;1420462597216
1201;-0.87393206;4.360816;4.360816;1420462597238
1202;-1.2108676;3.359024;3.359024;1420462597258
1203;-1.3304906;2.8285742;2.8285742;1420462597278
1204;-1.7286196;2.9323864;2.9323864;1420462597292
1205;-2.2771332;2.5559244;2.5559244;1420462597312
1206;-1.1666672;2.575467;2.575467;1420462597336
1207;-0.08975339;2.4639158;2.4639158;1420462597351
1208;-1.1483262;2.0058632;2.0058632;1420462597372
1209;-2.3662417;1.6821527;1.6821527;1420462597392
1210;-3.6384366;0.5122299;0.5122299;1420462597410
1211;-1.8985368;0.6563549;0.6563549;1420462597437
1212;-0.034594297;2.0898104;2.0898104;1420462597451
1213;-1.1959853;0.6728029;0.6728029;1420462597469
1214;-2.5951703;-0.3333683;-0.3333683;1420462597489
1215;-3.3859088;-0.89004135;-0.89004135;1420462597509
1216;-4.1014266;-1.2925053;-1.2925053;1420462597529
1217;-3.6238236;-1.445054;-1.445054;1420462597550
1218;-1.7780812;-1.1209497;-1.1209497;1420462597568
1219;-0.8791557;-1.7119408;-1.7119408;1420462597588
1220;-0.24565154;-0.96436596;-0.96436596;1420462597608
1221;0.60824853;-1.1151257;-1.1151257;1420462597627
1222;0.31744415;-2.0523586;-2.0523586;1420462597650
1223;0.034442723;-3.528945;-3.528945;1420462597669
1224;-0.45600528;-5.0127583;-5.0127583;1420462597688
1225;-0.27155745;-5.536398;-5.536398;1420462597707
1226;0.7409067;-5.5574293;-5.5574293;1420462597726
1227;1.633739;-4.4187355;-4.4187355;1420462597746
1228;2.9754078;-3.2256193;-3.2256193;1420462597769
1229;3.3666654;-3.1739855;-3.1739855;1420462597786
1230;2.6463325;-2.615714;-2.615714;1420462597805
1231;2.899353;-2.9752655;-2.9752655;1420462597825
1232;3.0095005;-2.22021;-2.22021;1420462597845
1233;3.911998;-0.8769388;-0.8769388;1420462597870
1234;4.3237767;0.7077513;0.7077513;1420462597890
1235;3.8435276;2.3069315;2.3069315;1420462597906
1236;5.2233343;2.1878014;2.1878014;1420462597923
1237;0.54679817;-4.4998865;-4.4998865;1420462597944
1238;-2.0345464;-2.7930565;-2.7930565;1420462597964
1239;2.2502136;-1.7764616;-1.7764616;1420462597986
1240;1.4568583;-2.149805;-2.149805;1420462598005
1241;-0.9363468;0.1651144;0.1651144;1420462598022
1242;-0.7539984;0.24951935;0.24951935;1420462598042
1243;-0.45241213;0.22426414;0.22426414;1420462598063
1244;-0.1247406;0.25584126;0.25584126;1420462598093
1245;0.11728525;0.24032402;0.24032402;1420462598116
1246;-0.22762525;0.13027954;0.13027954;1420462598123
1247;-0.41775584;0.0915184;0.0915184;1420462598144
1248;-0.24956179;0.066212654;0.066212654;1420462598165
1249;-0.26436067;-0.057312965;-0.057312965;1420462598202
1250;-0.07939005;0.0018014908;0.0018014908;1420462598203
1251;-0.17150736;-0.10423756;-0.10423756;1420462598227
1252;-0.29919434;0.10674;0.10674;1420462598244
1253;-0.111382365;0.10647106;0.10647106;1420462598268
1254;-0.1814524;0.17537308;0.17537308;1420462598280
1255;-0.27287304;0.13761044;0.13761044;1420462598299
1256;-0.3230064;0.18704987;0.18704987;1420462598328
1257;-0.09808278;-0.12210655;-0.12210655;1420462598353
1258;-0.20579958;0.14614964;0.14614964;1420462598359
1259;-0.14781821;0.089886665;0.089886665;1420462598386
1260;-0.16766429;0.11392784;0.11392784;1420462598398
1261;-0.17923892;0.09238815;0.09238815;1420462598418
1262;-0.098118186;0.060136795;0.060136795;1420462598449
1263;-0.037285686;0.08297825;0.08297825;1420462598458
1264;-0.30332398;0.15539742;0.15539742;1420462598477
1265;-0.34006953;0.12971306;0.12971306;1420462598497
1266;-0.29071462;0.1277399;0.1277399;1420462598516
1267;-0.28011775;0.11994648;0.11994648;1420462598538
1268;-0.18668652;0.12275219;0.12275219;1420462598556
1269;-0.22225451;0.055905342;0.055905342;1420462598575
1270;-0.18690503;0.1221962;0.1221962;1420462598595
1271;-0.13305724;0.077944756;0.077944756;1420462598615
1272;-0.20345008;0.07216263;0.07216263;1420462598639
1273;-0.194188;0.073596954;0.073596954;1420462598655
1274;-0.17335999;0.058802605;0.058802605;1420462598680
1275;-0.10224366;0.03791046;0.03791046;1420462598695
1276;-0.053198814;-0.030314445;-0.030314445;1420462598716
1277;0.012941837;-0.06347561;-0.06347561;1420462598744
1278;-0.14525342;0.008419037;0.008419037;1420462598765
1279;-0.25102818;0.09844971;0.09844971;1420462598786
1280;-0.17076933;0.07018852;0.07018852;1420462598793
1281;-0.046999693;-0.041980743;-0.041980743;1420462598812
1282;-0.11857259;-0.038864136;-0.038864136;1420462598833
1283;0.059912205;-0.17441559;-0.17441559;1420462598872
1284;0.122094154;-0.3196783;-0.3196783;1420462598872
1285;0.14126897;-0.41619205;-0.41619205;1420462598895
1286;0.093551874;-0.48201656;-0.48201656;1420462598917
1287;0.5943242;-0.9445276;-0.9445276;1420462598930
1288;1.4581497;-1.8359814;-1.8359814;1420462598952
1289;1.5834421;-3.5212908;-3.5212908;1420462598980
1290;2.1111002;-3.8095942;-3.8095942;1420462599000
1291;1.6052023;-3.8776245;-3.8776245;1420462599011
1292;2.0435596;-3.379404;-3.379404;1420462599029
1293;1.4605082;-5.191845;-5.191845;1420462599051
1294;3.6265056;-3.8624897;-3.8624897;1420462599079
1295;3.469405;-2.0722713;-2.0722713;1420462599100
1296;2.0753322;-3.6449318;-3.6449318;1420462599109
1297;1.4578912;-3.7175055;-3.7175055;1420462599130
1298;0.8774885;-3.6384459;-3.6384459;1420462599151
1299;1.1421819;-3.0229645;-3.0229645;1420462599183
1300;0.5094366;-2.5442247;-2.5442247;1420462599206
1301;0.4383645;-2.1937418;-2.1937418;1420462599208
1302;-0.011009216;-1.5436344;-1.5436344;1420462599230
1303;0.3852017;-1.3684931;-1.3684931;1420462599254
1304;0.36486697;-1.1210032;-1.1210032;1420462599268
1305;-0.24642134;-1.2640648;-1.2640648;1420462599287
1306;-2.178011;-1.3371372;-1.3371372;1420462599318
1307;-1.9224167;-0.33809662;-0.33809662;1420462599327
1308;-2.274452;0.31479836;0.31479836;1420462599347
1309;-1.5358529;0.6999874;0.6999874;1420462599366
1310;-2.1904314;0.78837967;0.78837967;1420462599387
1311;-2.5474195;1.1634684;1.1634684;1420462599414
1312;-2.257748;2.1080446;2.1080446;1420462599442
1313;-2.122552;2.791607;2.791607;1420462599445
1314;-1.788593;3.608015;3.608015;1420462599464
1315;-1.6955733;4.640787;4.640787;1420462599487
1316;-2.046215;6.0588017;6.0588017;1420462599516
1317;-1.8387071;7.3122253;7.3122253;1420462599543
1318;-2.085587;7.467395;7.467395;1420462599544
1319;-1.9813455;7.4593697;7.4593697;1420462599565
1320;-2.0394266;8.06538;8.06538;1420462599587
1321;-2.3272498;6.720442;6.720442;1420462599603
1322;-2.147116;6.436488;6.436488;1420462599623
1323;-1.0436996;5.7318306;5.7318306;1420462599649
1324;-0.7783127;5.47386;5.47386;1420462599668
1325;-1.6651838;4.381238;4.381238;1420462599690
1326;-2.422707;3.0759993;3.0759993;1420462599702
1327;-0.9100127;3.8757677;3.8757677;1420462599723
1328;-1.0197062;4.801364;4.801364;1420462599751
1329;-1.0081835;4.128996;4.128996;1420462599770
1330;-0.030922756;4.4331846;4.4331846;1420462599792
1331;-1.306722;4.811123;4.811123;1420462599801
1332;-2.301448;3.9961033;3.9961033;1420462599820
1333;-2.4388049;3.3946047;3.3946047;1420462599851
1334;-2.6170144;2.4584417;2.4584417;1420462599870
1335;-2.7455974;1.7121639;1.7121639;1420462599889
1336;-2.624545;1.8272104;1.8272104;1420462599899
1337;-2.7299018;1.8191538;1.8191538;1420462599919
1338;-2.4949398;1.0324221;1.0324221;1420462599937
1339;-2.590564;0.6070061;0.6070061;1420462599959
1340;-1.9867;0.13735676;0.13735676;1420462599985
1341;-1.8348683;-0.5029297;-0.5029297;1420462600004
1342;-2.8519306;-0.7705164;-0.7705164;1420462600018
1343;-2.8252048;-0.7809305;-0.7809305;1420462600037
1344;-2.708128;-1.9948511;-1.9948511;1420462600068
1345;-0.9654671;-3.5132608;-3.5132608;1420462600093
1346;0.032376766;-2.7842836;-2.7842836;1420462600097
1347;-0.20811331;-2.039219;-2.039219;1420462600118
1348;0.05752039;-1.8993425;-1.8993425;1420462600138
1349;-0.06381726;-2.078349;-2.078349;1420462600167
1350;-0.2559358;-3.260954;-3.260954;1420462600187
1351;0.6010517;-3.2466125;-3.2466125;1420462600205
1352;1.3157912;-3.2600603;-3.2600603;1420462600216
1353;1.6271461;-3.729972;-3.729972;1420462600234
1354;1.4362049;-5.085003;-5.085003;1420462600255
1355;1.2273695;-5.019638;-5.019638;1420462600284
1356;1.6063111;-3.9359741;-3.9359741;1420462600305
1357;2.4844577;-2.3899555;-2.3899555;1420462600315
1358;3.2360091;-1.3467255;-1.3467255;1420462600335
1359;3.0804942;-0.6566658;-0.6566658;1420462600356
1360;2.8596818;-0.42502975;-0.42502975;1420462600384
1361;2.6949236;-0.7588482;-0.7588482;1420462600404
1362;2.5343099;-0.6321554;-0.6321554;1420462600425
1363;2.4272356;-0.4094267;-0.4094267;1420462600433
1364;3.2127802;-0.28308678;-0.28308678;1420462600452
1365;3.8073335;0.86749935;0.86749935;1420462600472
1366;-0.878587;-1.0966034;-1.0966034;1420462600492
1367;-0.07058446;-3.217494;-3.217494;1420462600516
1368;-0.25767407;0.17064285;0.17064285;1420462600536
1369;0.111934245;-0.447443;-0.447443;1420462600550
1370;-0.44679922;-1.4794121;-1.4794121;1420462600570
1371;0.0774495;-0.77128315;-0.77128315;1420462600589
1372;-0.21268344;0.24427891;0.24427891;1420462600612
1373;-0.084186256;0.3588295;0.3588295;1420462600630
1374;-0.01926446;0.091347694;0.091347694;1420462600649
1375;-0.05899322;-0.055893898;-0.055893898;1420462600669
1376;-0.2472862;-0.08896923;-0.08896923;1420462600691
1377;-0.20289707;-0.09937382;-0.09937382;1420462600712
1378;-0.12937272;0.066768646;0.066768646;1420462600736
1379;-0.19215202;0.09002495;0.09002495;1420462600753
1380;-0.11577213;0.0097408295;0.0097408295;1420462600770
1381;-0.24724221;0.103606224;0.103606224;1420462600788
1382;-0.31102562;0.040905;0.040905;1420462600807
1383;-0.07473314;-0.047567368;-0.047567368;1420462600831
1384;-0.15822327;0.0762167;0.0762167;1420462600851
1385;-0.1490717;0.08459759;0.08459759;1420462600866
1386;-0.1791768;0.07818699;0.07818699;1420462600886
1387;-0.16001642;0.0659132;0.0659132;1420462600906
1388;-0.18802059;0.054335594;0.054335594;1420462600926
1389;-0.11979973;0.10759163;0.10759163;1420462600949
1390;-0.24945235;0.15429974;0.15429974;1420462600971
1391;-0.27438104;0.1036644;0.1036644;1420462600996
1392;-0.2991768;0.10034466;0.10034466;1420462601005
1393;-0.287243;0.09451294;0.09451294;1420462601025
1394;-0.21818042;0.12639713;0.12639713;1420462601050
1395;-0.20069218;0.08458328;0.08458328;1420462601067
1396;-0.1259805;0.04861641;0.04861641;1420462601088
1397;-0.24613023;0.13105392;0.13105392;1420462601109
1398;-0.28992498;0.099594116;0.099594116;1420462601123
1399;-0.2445823;0.1006279;0.1006279;1420462601144
1400;-0.07698524;0.09437752;0.09437752;1420462601164
1401;-0.23597693;0.1388874;0.1388874;1420462601182
1402;-0.20650744;0.030299187;0.030299187;1420462601202
1403;-0.09215665;0.059181213;0.059181213;1420462601222
1404;-0.31656802;0.11683941;0.11683941;1420462601241
1405;-0.32971728;0.13047981;0.13047981;1420462601262
1406;0.0017281771;-0.09805679;-0.09805679;1420462601284
1407;-0.15940833;0.06978321;0.06978321;1420462601301
1408;-0.24012935;0.13024521;0.13024521;1420462601321
1409;-0.029467583;-0.2050991;-0.2050991;1420462601341
1410;-0.11991203;0.11982155;0.11982155;1420462601361
1411;-0.105997205;0.015890121;0.015890121;1420462601384
1412;-0.06635296;0.066176414;0.066176414;1420462601402
1413;-0.046459913;-0.028497696;-0.028497696;1420462601422
1414;-0.021593094;-0.03246498;-0.03246498;1420462601439
1415;0.12866902;-0.08832455;-0.08832455;1420462601459
1416;0.24208689;-0.44885063;-0.44885063;1420462601485
1417;0.46416748;-0.7521;-0.7521;1420462601502
1418;0.8231867;-1.2075748;-1.2075748;1420462601519
1419;0.8896238;-2.1543808;-2.1543808;1420462601538
1420;0.9484919;-2.9876652;-2.9876652;1420462601558
1421;2.2650912;-4.181163;-4.181163;1420462601578
1422;3.0838718;-5.390133;-5.390133;1420462601605
1423;4.0602646;-4.718768;-4.718768;1420462601622
1424;5.0123053;-4.834365;-4.834365;1420462601641
1425;5.1215444;-4.0336294;-4.0336294;1420462601660
1426;4.122551;-3.4751778;-3.4751778;1420462601676
1427;2.5460408;-3.2132673;-3.2132673;1420462601699
1428;3.4078872;-2.7666569;-2.7666569;1420462601722
1429;3.0856318;-2.5656643;-2.5656643;1420462601741
1430;1.6248013;-2.0158892;-2.0158892;1420462601761
1431;0.09660518;-2.3436604;-2.3436604;1420462601775
1432;-1.095228;-1.765707;-1.765707;1420462601795
1433;-1.8842272;-1.3593607;-1.3593607;1420462601824
1434;-3.0470366;-1.7987261;-1.7987261;1420462601845
1435;-3.743823;-2.3827763;-2.3827763;1420462601855
1436;-4.2212596;-2.0236835;-2.0236835;1420462601875
1437;-3.4051027;-0.6445837;-0.6445837;1420462601901
1438;-4.6092453;-0.91763306;-0.91763306;1420462601929
1439;-3.9643915;-0.3486662;-0.3486662;1420462601933
1440;-3.5979455;0.11824608;0.11824608;1420462601958
1441;-3.0464847;0.9696398;0.9696398;1420462601978
1442;-1.9942875;1.8083162;1.8083162;1420462601992
1443;-0.87719023;3.121461;3.121461;1420462602012
1444;-0.9100131;3.881485;3.881485;1420462602032
1445;-1.2372576;4.9558306;4.9558306;1420462602058
1446;-0.9913559;5.5935984;5.5935984;1420462602075
1447;-0.8701312;5.9035254;5.9035254;1420462602093
1448;-0.76702875;6.0050898;6.0050898;1420462602111
1449;-0.4503582;6.463378;6.463378;1420462602130
1450;-0.49796072;6.9822216;6.9822216;1420462602152
1451;-1.0726149;7.0824842;7.0824842;1420462602170
1452;-0.62632954;6.815914;6.815914;1420462602189
1453;0.4148424;7.4348936;7.4348936;1420462602209
1454;1.0318294;8.857866;8.857866;1420462602229
1455;-1.0147486;6.9637527;6.9637527;1420462602256
1456;-1.9889888;5.4020605;5.4020605;1420462602271
1457;-1.9789101;4.2492857;4.2492857;1420462602288
1458;-1.318005;3.2034168;3.2034168;1420462602309
1459;-2.0128686;1.7439432;1.7439432;1420462602328
1460;-2.3927112;0.828619;0.828619;1420462602348
1461;-1.9930257;2.009225;2.009225;1420462602376
1462;-2.4010963;2.5227947;2.5227947;1420462602393
1463;-3.079391;1.8719006;1.8719006;1420462602407
1464;-2.001833;1.3612785;1.3612785;1420462602427
1465;-1.2412163;1.079752;1.079752;1420462602446
1466;-1.4851257;1.0726614;1.0726614;1420462602476
1467;-1.5846497;1.6832438;1.6832438;1420462602489
1468;-1.1274734;2.095684;2.095684;1420462602507
1469;0.38602453;1.5712729;1.5712729;1420462602525
1470;0.39092708;1.4857149;1.4857149;1420462602545
1471;-0.30966747;2.8098097;2.8098097;1420462602565
1472;-0.64886403;1.7569618;1.7569618;1420462602594
1473;-1.436852;-1.2105627;-1.2105627;1420462602611
1474;-3.68925;-1.7139587;-1.7139587;1420462602630
1475;-4.5854554;-1.1814775;-1.1814775;1420462602644
1476;-4.895807;-1.305294;-1.305294;1420462602664
1477;-3.046215;-2.5918884;-2.5918884;1420462602683
1478;-2.2878532;-3.758173;-3.758173;1420462602710
1479;-1.8584471;-3.1045713;-3.1045713;1420462602732
1480;-1.5986011;-1.5529013;-1.5529013;1420462602743
1481;-2.0334651;-1.3833656;-1.3833656;1420462602762
1482;-2.5412464;-3.3612614;-3.3612614;1420462602782
1483;-0.18607736;-4.818591;-4.818591;1420462602811
1484;1.7912654;-4.028098;-4.028098;1420462602831
1485;2.686551;-2.4337893;-2.4337893;1420462602843
1486;2.6678917;-2.3516598;-2.3516598;1420462602861
1487;1.3180883;-3.247861;-3.247861;1420462602882
1488;0.6166352;-3.2065144;-3.2065144;1420462602913
1489;1.2872493;-2.6830053;-2.6830053;1420462602934
1490;2.3927097;-1.3809204;-1.3809204;1420462602941
1491;3.817656;-0.5843954;-0.5843954;1420462602964
1492;7.910868;2.7766342;2.7766342;1420462602987
1493;11.172537;4.356;4.356;1420462602999
1494;1.0695566;-2.280363;-2.280363;1420462603020
1495;-3.0783918;-5.3089066;-5.3089066;1420462603044
1496;-1.6322609;-0.37099648;-0.37099648;1420462603066
1497;0.5125998;-5.6149206;-5.6149206;1420462603079
1498;1.2431754;-0.91286755;-0.91286755;1420462603098
1499;1.4935114;-4.8177776;-4.8177776;1420462603118
1500;0.2210396;-0.060710907;-0.060710907;1420462603147
1501;-0.13110411;0.31464767;0.31464767;1420462603166
1502;-0.023071885;0.5720091;0.5720091;1420462603178
1503;-0.09862113;-0.121313095;-0.121313095;1420462603197
1504;-0.2524283;0.052283287;0.052283287;1420462603217
1505;-0.20050633;-0.14573002;-0.14573002;1420462603246
1506;-0.24103129;0.22659206;0.22659206;1420462603270
1507;-0.20019066;0.14150047;0.14150047;1420462603276
1508;-0.22163224;0.051898003;0.051898003;1420462603296
1509;-0.116294146;-0.20200157;-0.20200157;1420462603318
1510;-0.12372649;-0.17853832;-0.17853832;1420462603345
1511;-0.24168491;0.070342064;0.070342064;1420462603366
1512;-0.15086639;0.14283657;0.14283657;1420462603375
1513;-0.13576591;0.15744877;0.15744877;1420462603396
1514;-0.18189621;0.07947731;0.07947731;1420462603418
1515;-0.13976038;0.09752464;0.09752464;1420462603434
1516;-0.18031514;0.07797146;0.07797146;1420462603454
1517;-0.23318863;0.07100773;0.07100773;1420462603486
1518;-0.19787335;0.104800224;0.104800224;1420462603494
1519;-0.20649433;0.1197319;0.1197319;1420462603527
1520;-0.22009683;0.09716797;0.09716797;1420462603534
1521;-0.23535383;0.04925251;0.04925251;1420462603557
1522;-0.21519744;0.08239555;0.08239555;1420462603580
1523;-0.16490984;-0.024567604;-0.024567604;1420462603604
1524;-0.19629478;0.13170433;0.13170433;1420462603611
1525;-0.17193413;0.014883041;0.014883041;1420462603632
1526;-0.18305099;0.07685089;0.07685089;1420462603652
1527;-0.20912898;0.044538498;0.044538498;1420462603683
1528;-0.23360884;0.086473465;0.086473465;1420462603702
1529;-0.27251863;0.047981262;0.047981262;1420462603713
1530;-0.13469481;0.10187149;0.10187149;1420462603730
1531;-0.19448292;0.07093811;0.07093811;1420462603751
1532;-0.22469532;0.07989788;0.07989788;1420462603783
1533;-0.17542458;0.085668564;0.085668564;1420462603801
1534;-0.090712905;0.04724884;0.04724884;1420462603809
1535;-0.08542752;0.06329441;0.06329441;1420462603831
1536;-0.14514506;0.07943535;0.07943535;1420462603852
1537;-0.1605084;0.010674477;0.010674477;1420462603868
1538;-0.10928583;0.09201622;0.09201622;1420462603889
1539;-0.09244394;0.041986465;0.041986465;1420462603915
1540;-0.13928628;0.051956177;0.051956177;1420462603938
1541;0.019878745;-0.10756111;-0.10756111;1420462603948
1542;-0.012112856;0.07078171;0.07078171;1420462603967
1543;0.02622199;-0.09504223;-0.09504223;1420462603987
1544;-0.111462474;-0.12875175;-0.12875175;1420462604016
1545;0.21867728;-0.19801998;-0.19801998;1420462604036
1546;0.29664922;-0.472188;-0.472188;1420462604047
1547;0.30680633;-0.9683304;-0.9683304;1420462604067
1548;0.7087703;-1.5688648;-1.5688648;1420462604086
1549;1.4239881;-2.6865625;-2.6865625;1420462604106
1550;1.0856912;-4.509137;-4.509137;1420462604132
1551;3.4606183;-8.615552;-8.615552;1420462604150
1552;5.3342013;-7.440708;-7.440708;1420462604170
1553;3.9307406;-4.1706095;-4.1706095;1420462604185
1554;5.7405696;-2.302164;-2.302164;1420462604204
1555;6.870245;-4.427166;-4.427166;1420462604232
1556;5.603012;-2.7900743;-2.7900743;1420462604251
1557;4.22027;-1.6102734;-1.6102734;1420462604273
1558;3.2970173;-2.8338327;-2.8338327;1420462604284
1559;2.0811224;-2.0914812;-2.0914812;1420462604303
1560;1.2118847;-1.6320496;-1.6320496;1420462604323
1561;0.5176121;-1.7895203;-1.7895203;1420462604350
1562;0.060638428;-2.0382233;-2.0382233;1420462604371
1563;-1.8050655;-1.8854237;-1.8854237;1420462604382
1564;-3.4168;-1.1778173;-1.1778173;1420462604404
1565;-3.873229;-0.41387558;-0.41387558;1420462604434
1566;-3.6808558;-0.6043415;-0.6043415;1420462604454
1567;-4.8209286;-0.467741;-0.467741;1420462604461
1568;-5.417934;-0.18191051;-0.18191051;1420462604484
1569;-5.344483;0.73489857;0.73489857;1420462604501
1570;-5.1343274;1.572526;1.572526;1420462604520
1571;-5.011975;1.8782921;1.8782921;1420462604544
1572;-4.6039963;2.0583315;2.0583315;1420462604568
1573;-3.891379;2.7561893;2.7561893;1420462604589
1574;-4.0974255;2.903963;2.903963;1420462604600
1575;-3.4177325;3.6287594;3.6287594;1420462604621
1576;-2.525682;4.0608664;4.0608664;1420462604656
1577;-2.610902;4.0847416;4.0847416;1420462604659
1578;-1.776175;4.9461164;4.9461164;1420462604686
1579;-0.5254499;5.986413;5.986413;1420462604706
1580;0.71630317;6.9495296;6.9495296;1420462604720
1581;1.5560213;7.065219;7.065219;1420462604737
1582;2.3265188;7.0158587;7.0158587;1420462604757
1583;2.5270839;6.779604;6.779604;1420462604780
1584;1.8351533;6.552165;6.552165;1420462604796
1585;1.3413637;5.030485;5.030485;1420462604816
1586;1.3538383;5.102461;5.102461;1420462604836
1587;-0.46104324;4.4518776;4.4518776;1420462604856
1588;-0.9817099;2.9052095;2.9052095;1420462604879
1589;-0.61279553;3.599431;3.599431;1420462604897
1590;-2.104605;3.6525126;3.6525126;1420462604915
1591;-2.3414836;3.4758139;3.4758139;1420462604935
1592;-2.2976675;3.3596153;3.3596153;1420462604955
1593;-3.3225496;3.3260365;3.3260365;1420462604974
1594;-4.205053;2.7446928;2.7446928;1420462605000
1595;-3.688984;2.5814667;2.5814667;1420462605019
1596;-3.0133674;2.457468;2.457468;1420462605035
1597;-2.603076;2.4444656;2.4444656;1420462605053
1598;-2.282498;2.354269;2.354269;1420462605073
1599;-2.3342752;1.6245804;1.6245804;1420462605093
1600;-3.196672;0.93119526;0.93119526;1420462605115
1601;-3.398891;0.979064;0.979064;1420462605137
1602;-2.1899047;1.6492386;1.6492386;1420462605159
1603;-1.0582038;0.5472145;0.5472145;1420462605172
1604;-1.4596292;-1.1951609;-1.1951609;1420462605192
1605;-1.1913944;-1.1807318;-1.1807318;1420462605219
1606;-1.5438231;0.027656555;0.027656555;1420462605241
1607;-1.7221199;-1.6216373;-1.6216373;1420462605251
1608;-0.897022;-3.8282108;-3.8282108;1420462605273
1609;0.6823112;-5.2807837;-5.2807837;1420462605291
1610;1.7540932;-3.042447;-3.042447;1420462605322
1611;1.2677087;-1.6586218;-1.6586218;1420462605331
1612;1.0405966;-2.3466425;-2.3466425;1420462605353
1613;1.9119552;-2.9579697;-2.9579697;1420462605376
1614;2.4117918;-4.052599;-4.052599;1420462605390
1615;2.6424284;-4.438575;-4.438575;1420462605409
1616;2.6432645;-4.53378;-4.53378;1420462605437
1617;2.3133311;-3.5025158;-3.5025158;1420462605458
1618;1.6402617;-2.6503496;-2.6503496;1420462605469
1619;1.2379044;-2.1224613;-2.1224613;1420462605490
1620;1.6949544;-1.6918564;-1.6918564;1420462605509
1621;1.7680154;-1.621458;-1.621458;1420462605539
1622;3.6701133;3.7646742;3.7646742;1420462605560
1623;11.582044;-3.3330812;-3.3330812;1420462605567
1624;-0.42929065;-7.0672703;-7.0672703;1420462605590
1625;-2.4633849;-1.516305;-1.516305;1420462605607
1626;5.059978;-2.7646294;-2.7646294;1420462605626
1627;-0.27305305;1.1251364;1.1251364;1420462605657
1628;-1.290797;-0.28252697;-0.28252697;1420462605678
1629;-0.09068179;0.57499504;0.57499504;1420462605686
1630;0.17846203;0.01627636;0.01627636;1420462605707
1631;0.002407074;0.013519287;0.013519287;1420462605733
1632;-0.31352305;0.14939308;0.14939308;1420462605766
1633;-0.26745713;-0.14295197;-0.14295197;1420462605776
1634;-0.2882049;0.018018723;0.018018723;1420462605784
1635;-0.44926953;0.12520218;0.12520218;1420462605813
1636;-0.27032757;0.25783634;0.25783634;1420462605823
1637;-0.19831562;-0.017196655;-0.017196655;1420462605844
1638;-0.2910211;0.18950367;0.18950367;1420462605873
1639;-0.89748335;-0.22450352;-0.22450352;1420462605888
1640;-0.030342579;-0.13810158;-0.13810158;1420462605902
1641;-0.43164396;-0.15817928;-0.15817928;1420462605922
1642;-0.25542474;0.04929638;0.04929638;1420462605942
1643;-0.059980392;0.19010162;0.19010162;1420462605962
1644;0.023819685;-0.09353161;-0.09353161;1420462605985
1645;0.038765192;-0.033668518;-0.033668518;1420462606002
1646;-0.12070346;0.16102695;0.16102695;1420462606022
1647;-0.2039895;0.07134819;0.07134819;1420462606041
1648;-0.24655223;-0.03483486;-0.03483486;1420462606061
1649;-0.039236307;0.06489372;0.06489372;1420462606089
1650;-0.17548776;0.07880306;0.07880306;1420462606105
1651;-0.32703948;0.05445671;0.05445671;1420462606127
1652;-0.29443717;0.059339523;0.059339523;1420462606146
1653;-0.37695003;0.020860672;0.020860672;1420462606160
1654;-0.28092718;0.03247261;0.03247261;1420462606179
1655;-0.3124292;0.10824108;0.10824108;1420462606205
1656;-0.27582288;-0.014178276;-0.014178276;1420462606228
1657;-0.27874303;0.07620525;0.07620525;1420462606239
1658;-0.22028494;0.15990257;0.15990257;1420462606258
1659;-0.12348628;0.0032281876;0.0032281876;1420462606280
